code,system
10001,gprdproduct
10411001,gprdproduct
10564001,gprdproduct
10732001,gprdproduct
10820001,gprdproduct
10890001,gprdproduct
10890002,gprdproduct
10929001,gprdproduct
10972001,gprdproduct
11468001,gprdproduct
11596001,gprdproduct
11618001,gprdproduct
12177001,gprdproduct
12886001,gprdproduct
12887001,gprdproduct
1320001,gprdproduct
1359001,gprdproduct
14214001,gprdproduct
1462001,gprdproduct
1765001,gprdproduct
186001,gprdproduct
186002,gprdproduct
246001,gprdproduct
2481001,gprdproduct
2484001,gprdproduct
2571001,gprdproduct
3143007,gprdproduct
3167007,gprdproduct
3581007,gprdproduct
4010001,gprdproduct
4629001,gprdproduct
4629002,gprdproduct
4629003,gprdproduct
4631001,gprdproduct
4632001,gprdproduct
5437001,gprdproduct
5437002,gprdproduct
5611001,gprdproduct
5611002,gprdproduct
5686001,gprdproduct
5689001,gprdproduct
5689002,gprdproduct
5689003,gprdproduct
5691001,gprdproduct
5691002,gprdproduct
5706001,gprdproduct
5909001,gprdproduct
6643001,gprdproduct
6699007,gprdproduct
7354001,gprdproduct
7361001,gprdproduct
7361002,gprdproduct
7712001,gprdproduct
7921001,gprdproduct
8019001,gprdproduct
8082001,gprdproduct
8528001,gprdproduct
8794001,gprdproduct
9001,gprdproduct
9002,gprdproduct
902001,gprdproduct
902002,gprdproduct
9169001,gprdproduct
9278001,gprdproduct
9287001,gprdproduct
9616001,gprdproduct